Protein,OG,TSG,Fusion,Label
2GLI,0.998338878,2.46E-07,0.00166088,OG
3CEG,0.640028179,0.147081047,0.212890789,OG
