Protein,OG,TSG,Fusion,Label
1CVJ,0.922864437,0.076353073,0.0007825,OG
3KTP,0.80893904,0.000557602,0.190503374,OG
3KTR,0.429991663,0.524140954,0.045867343,TSG
3KUI,0.985216677,0.014319113,0.000464207,OG
3KUJ,0.90933466,0.040372107,0.050293241,OG
3KUS,0.998899758,0.001098588,1.67E-06,OG
3KUT,0.999987781,1.22E-05,1.88E-08,OG
3PKN,0.996863484,0.002731339,0.000405178,OG
4F02,0.999982834,4.29E-06,1.29E-05,OG
4F25,0.005916949,0.000456005,0.993627071,Fusion
4F26,0.99533093,0.00384729,0.000821778,OG
